m,km
1,1.60934398
2,3.21868796
3,4.82803194
4,6.43737592
5,8.046719899
6,9.656063879
7,11.26540786
8,12.87475184
9,14.48409582
10,16.0934398
11,17.70278378
12,19.31212776
13,20.92147174
14,22.53081572
15,24.1401597
16,25.74950368
17,27.35884766
18,28.96819164
19,30.57753562
20,32.1868796
21,33.79622358
22,35.40556756
23,37.01491154
24,38.62425552
25,40.2335995
26,41.84294348
27,43.45228746
28,45.06163144
29,46.67097542
30,48.2803194
31,49.88966338
32,51.49900736
33,53.10835134
34,54.71769532
35,56.3270393
36,57.93638328
37,59.54572726
38,61.15507124
39,62.76441522
40,64.3737592
41,65.98310318
42,67.59244716
43,69.20179114
44,70.81113512
45,72.4204791
46,74.02982308
47,75.63916706
48,77.24851103
49,78.85785501
50,80.46719899
51,82.07654297
52,83.68588695
53,85.29523093
54,86.90457491
55,88.51391889
56,90.12326287
57,91.73260685
58,93.34195083
59,94.95129481
60,96.56063879
61,98.16998277
62,99.77932675
63,101.3886707
64,102.9980147
65,104.6073587
66,106.2167027
67,107.8260467
68,109.4353906
69,111.0447346
70,112.6540786
71,114.2634226
72,115.8727666
73,117.4821105
74,119.0914545
75,120.7007985
76,122.3101425
77,123.9194865
78,125.5288304
79,127.1381744
80,128.7475184
81,130.3568624
82,131.9662064
83,133.5755503
84,135.1848943
85,136.7942383
86,138.4035823
87,140.0129263
88,141.6222702
89,143.2316142
90,144.8409582
91,146.4503022
92,148.0596462
93,149.6689901
94,151.2783341
95,152.8876781
96,154.4970221
97,156.106366
98,157.71571
99,159.325054
100,160.934398